HostName,CountryCount,IpAddressCount,LoginSuccessPercentage,IsAttacked,percentage
Vincent,43,1729,36,1,85
Alan,36,2192,41,1,48
Carlos,68,6725,20,0,4
Myles,98,9693,60,0,58
Baxter,7,5195,57,1,98
Henry,14,8555,80,1,1
Thomas,15,6524,94,0,34
Cullen,81,5042,73,1,74
Coby,87,7716,37,1,1
Reed,39,3907,45,0,42
Myles,76,2695,22,1,7
Quamar,22,9027,34,0,9
Kamal,58,9098,34,1,71
Nissim,80,2707,73,0,61
Hoyt,61,3410,92,1,50
Dieter,16,4002,89,0,59
Marsden,54,9416,0,0,14
Theodore,46,9077,33,0,1
Otto,5,3915,45,1,70
Perry,55,5599,59,0,49
Grady,46,3317,67,0,77
Warren,40,8464,14,0,50
Jared,31,2526,46,1,7
Barclay,91,7217,14,0,21
Micah,5,3345,34,1,75
Scott,57,1718,39,1,8
Edward,5,6657,69,1,42
Tanner,29,1065,69,0,67
Melvin,83,7719,16,1,40
Brock,80,7320,29,1,21
Hop,49,9019,87,0,78
Declan,56,9374,37,0,73
Jerry,11,8048,36,1,69
Marshall,41,7050,87,0,91
Cody,16,8069,29,0,66
Daniel,47,8858,13,1,71
Murphy,94,2567,81,1,100
Quamar,28,7733,86,1,65
Bruno,71,8917,61,0,94
Chaim,45,6210,35,0,100
Prescott,15,8515,37,1,22
Emery,98,8677,66,0,25
Gil,36,5589,64,0,59
Hall,100,8958,69,1,73
Craig,12,2525,14,1,44
Giacomo,66,7721,41,1,3
Abel,66,4530,31,0,27
Chandler,36,5088,16,0,72
Lionel,84,7941,13,0,26
Lee,8,6635,20,0,28
Graham,48,8646,93,1,31
Tyler,65,3195,4,0,94
Talon,83,5441,93,1,59
Cooper,60,1101,43,1,15
Mohammad,33,1479,22,1,31
Noble,32,3595,46,0,32
Malik,95,7341,89,1,33
Rogan,8,2532,39,0,51
Merrill,94,6434,93,1,28
Barclay,6,4055,68,0,74
Richard,6,5029,35,0,8
Yardley,6,4432,96,1,42
Dennis,36,2683,30,0,100
Gareth,95,9364,28,1,90
August,69,4399,70,1,68
Gil,50,5363,90,0,24
Austin,11,3261,8,0,82
Theodore,14,3189,10,1,4
Wyatt,19,7412,95,1,58
Jelani,52,8409,63,1,69
Alden,72,6895,39,1,3
Kenneth,37,3982,63,0,72
Ashton,40,6430,24,1,95
Fletcher,86,6932,1,0,66
Andrew,31,5594,88,0,56
Merritt,51,2092,44,1,40
Griffith,45,6573,4,1,98
Quamar,67,7628,78,0,58
Herman,41,9302,11,1,86
Erich,68,8873,66,1,23
Brenden,84,7904,11,1,45
Cyrus,21,8352,59,1,45
Rigel,66,7657,95,0,83
Benedict,27,2501,16,1,38
Nicholas,20,5070,69,1,99
Nehru,29,6578,7,0,98
Brett,78,1987,13,0,12
Timothy,34,4192,83,0,44
Abraham,37,3152,54,0,39
Jerry,30,6316,16,0,95
Lawrence,16,9235,44,1,48
Amos,72,8959,34,1,45
Chandler,96,7169,100,1,10
Lester,85,4748,80,0,34
Berk,79,6488,90,1,41
Jackson,53,4006,47,1,1
Wylie,94,4195,7,1,66
Denton,10,8517,93,0,9
Wayne,33,1472,58,0,22
Victor,55,4374,57,0,45
TaShya,66,5084,3,1,52
Britanney,28,4538,2,1,63
Kylie,31,5453,62,0,5
Libby,44,4217,70,0,32
Iliana,53,5389,18,0,77
Olga,90,2706,69,0,56
Natalie,21,5137,71,1,12
Riley,78,9143,33,1,44
Zenaida,84,4323,92,0,57
Chloe,100,9362,23,1,39
Carly,74,4221,37,1,3
Meredith,29,6451,43,0,82
Casey,62,4561,99,0,48
Jaquelyn,12,4487,43,1,55
Hannah,85,3312,87,1,91
Holly,6,3134,68,1,21
Isabella,54,4040,69,0,54
Libby,31,7197,70,0,39
Audrey,69,6202,49,1,2
Lucy,37,2351,9,1,78
Melissa,87,7461,88,1,61
Lacey,16,6046,93,1,67
Aimee,50,3462,29,1,73
Tamekah,70,6617,82,0,28
Quintessa,51,2911,71,0,46
Yvette,74,6232,79,1,6
Xena,9,4535,7,1,70
Elizabeth,23,7709,84,1,1
Martina,73,7565,24,0,49
Kim,89,9120,46,0,55
Hannah,35,6098,1,0,34
TaShya,90,1024,77,1,62
Ima,35,6540,77,1,55
Orla,6,7992,83,0,54
Guinevere,74,7751,74,1,57
Linda,28,8038,33,0,10
Scarlett,42,2402,72,0,40
Vanna,13,8590,57,0,4
Indira,64,2795,80,0,82
Anika,84,8645,63,1,23
Regina,54,9759,25,0,97
Maia,62,7583,26,0,34
Maile,13,1860,66,1,51
Deanna,52,5649,99,1,20
Erica,82,3987,9,0,7
Freya,71,3471,3,0,33
Caryn,32,8319,14,1,44
Bell,11,2758,5,1,86
Jana,35,3687,68,1,41
Irene,33,4186,25,0,50
Quyn,55,7045,46,1,48
Janna,67,9371,71,0,99
Carolyn,58,8896,16,1,2
Meredith,73,8083,68,0,20
Neve,7,8869,60,0,56
Kai,30,3031,68,1,100
Jael,28,4225,38,0,51
Rebekah,28,4958,18,1,22
Kirsten,20,5350,38,1,88
Georgia,13,8657,1,0,40
Rowan,36,2798,10,1,30
Aileen,55,5929,55,0,20
Wynne,97,6013,41,1,33
Idona,73,3438,69,0,51
Dahlia,98,2053,57,1,29
Maya,5,5264,67,1,52
Shelly,73,1206,63,0,70
Zena,10,4225,16,1,61
Dorothy,14,3734,46,0,91
Mercedes,63,3517,6,1,4
Lisandra,12,3005,38,0,22
Marcia,79,5472,89,0,67
Fiona,63,6099,5,1,52
Alfreda,97,8682,5,0,78
Amaya,29,6403,81,0,25
Danielle,66,2480,19,0,76
Justine,75,6570,85,1,16
Rhea,5,5259,3,0,37
Pascale,85,3317,71,1,44
Lila,63,7896,7,1,20
Dakota,69,5422,98,1,38
Brooke,31,5712,62,0,13
Taylor,89,9391,98,1,55
Quin,66,7018,5,0,12
Patience,5,3228,46,0,7
Minerva,63,7000,81,0,82
Sydnee,34,8446,7,1,13
Justina,29,8370,52,1,56
Virginia,87,5947,86,1,20
Whoopi,57,7125,52,0,53
Kristen,12,3845,11,0,7
Heather,47,6144,56,0,63
Haley,54,6030,49,0,28
Larissa,37,5564,59,1,66
Ignacia,23,8510,88,0,11
Serina,63,2601,52,1,62
Ifeoma,66,7048,45,1,7
Ava,57,2150,71,0,93
Keely,73,4562,58,1,33
Xaviera,84,5280,71,1,40
Basil,37,4364,67,1,16
Kirestin,99,4148,39,1,26
Bert,7,3366,47,0,23
Whoopi,32,2435,19,0,89
Linus,71,8251,64,0,56
Adrian,58,4842,26,1,60
Nathan,60,3632,58,1,15
Grady,30,8511,24,1,47
Keaton,33,4607,59,0,66
Calvin,50,1222,92,1,14
Carson,40,9428,86,0,99
Rogan,39,9939,17,1,48
Jonas,57,8033,11,1,21
Harrison,21,9328,1,1,50
Lionel,65,9203,69,0,60
Wynter,5,8761,19,1,45
Deanna,8,7668,63,0,73
Maia,34,7757,21,1,32
Armand,80,6712,52,1,25
Keith,69,3964,55,0,1
Deborah,99,6022,84,1,90
Mufutau,62,2725,84,1,98
Colton,7,3619,42,1,10
Colt,29,2971,86,0,3
Jemima,47,2477,31,0,24
Berk,37,5582,38,1,95
Uriah,57,4243,84,1,98
Wylie,33,2256,29,0,42
Brendan,98,3567,60,0,80
Yael,71,7937,55,0,75
Brady,24,1186,75,0,29
Macy,41,7028,51,1,86
Josiah,93,9238,59,0,62
Brittany,38,3227,54,0,84
Hermione,6,2558,14,0,66
Jolie,30,2332,81,0,100
Baker,66,2614,88,0,41
Dominic,52,5563,69,0,1
Adam,78,2408,35,0,49
Yasir,62,3308,4,1,28
Audrey,64,4992,37,0,69
Maxwell,15,4735,100,0,27
Coby,77,5083,2,0,10
Karina,60,1383,61,0,79
Kaye,72,2585,30,1,73
Orlando,30,1673,9,0,72
Ronan,67,9637,22,0,57
Carolyn,36,2676,92,1,32
Lydia,48,3938,7,0,98
Imani,9,8058,64,0,78
Clinton,16,6788,91,1,74
Buckminster,85,9766,71,0,95
Adena,76,6804,59,1,51
Neville,68,1850,31,0,66
Wing,66,3975,58,0,81
Laith,58,2601,41,0,28
Mallory,36,7606,1,1,16
Holmes,33,8516,47,0,40
Prescott,44,9250,65,0,99
Kyle,88,4347,87,0,65
Tamara,38,8502,40,0,20
Nasim,77,3855,75,0,65
Harding,68,5155,47,0,83
Byron,69,5263,70,1,60
May,62,5457,24,1,78
Hunter,82,6697,27,0,98
Nora,97,1876,16,1,83
Shay,79,6277,46,0,4
Ruby,32,1724,33,1,80
Kai,74,9892,8,0,62
Jesse,56,1112,74,1,59
Valentine,99,2639,87,1,63
Dakota,64,1399,37,1,41
Marsden,87,8085,99,1,77
Farrah,31,8080,15,0,66
Iona,15,8226,45,0,5
Cullen,99,9111,61,1,87
Melyssa,75,2656,33,0,3
MacKensie,84,4832,74,0,30
Preston,46,5928,14,0,21
Ashely,96,9027,34,1,23
Boris,25,9497,9,0,80
Oren,42,7452,47,0,84
Quail,99,2420,33,0,5
Vance,32,1838,4,1,40
Grady,24,6691,79,1,93
Harper,53,8467,1,0,25
Felix,92,8849,31,1,59
Casey,8,2545,53,1,78
Moses,83,6244,69,0,4
Acton,66,7046,86,1,53
Byron,97,4834,82,1,43
Melyssa,32,9483,23,1,41
Octavia,51,9401,92,0,93
Darius,69,9080,11,0,86
Nita,16,9265,84,1,48
Mollie,97,5301,79,1,68
Cassandra,43,6685,89,0,30
Wallace,70,4958,5,1,63
Samantha,89,3983,65,0,93
